Domain,Job_Level,Education_Score,Skills_Score,Experience_Score,Certification_Score,Domain_Score,Overall_Score,Dynamic_Final_Score,Education_Weight,Skills_Weight,Experience_Weight,Certification_Weight,Domain_Weight
Banking,Entry-level,8.0,7.0,8.0,0.0,8.0,7.0,6.55,0.3,0.25,0.2,0.15,0.1
Banking,Mid-level,4.0,8.0,8.0,0.0,8.0,6.0,6.0,0.2,0.3,0.25,0.15,0.1
Banking,Mid-level,9.0,9.0,8.0,5.0,8.0,8.0,8.05,0.2,0.3,0.25,0.15,0.1
Banking,Senior-level,8.0,7.0,7.0,0.0,7.0,7.0,6.45,0.15,0.25,0.35,0.1,0.15
Banking,Entry-level,8.0,8.0,7.0,0.0,7.0,7.0,6.5,0.3,0.25,0.2,0.15,0.1
Banking,Mid-level,0.0,0.0,0.0,0.0,0.0,0.0,0.0,0.2,0.3,0.25,0.15,0.1
Banking,Senior-level,7.0,8.0,9.0,6.0,8.0,8.0,8.0,0.15,0.25,0.35,0.1,0.15
Banking,Senior-level,4.0,7.0,8.0,0.0,7.0,6.0,6.2,0.15,0.25,0.35,0.1,0.15
Banking,Senior-level,4.0,7.0,8.0,0.0,7.0,6.0,6.2,0.15,0.25,0.35,0.1,0.15
Banking,Entry-level,9.0,8.0,7.0,0.0,8.0,7.0,6.9,0.3,0.25,0.2,0.15,0.1
Banking,Senior-level,5.0,7.0,8.0,0.0,7.0,6.0,6.35,0.15,0.25,0.35,0.1,0.15
Banking,Senior-level,5.0,6.0,8.0,7.0,7.0,7.0,6.8,0.15,0.25,0.35,0.1,0.15
Banking,Mid-level,6.0,7.0,8.0,0.0,7.0,7.0,6.0,0.2,0.3,0.25,0.15,0.1
Banking,Senior-level,8.0,7.0,9.0,0.0,8.0,7.0,7.3,0.15,0.25,0.35,0.1,0.15
Banking,Entry-level,7.0,6.0,5.0,6.0,6.0,6.0,6.1,0.3,0.25,0.2,0.15,0.1
Banking,Mid-level,4.0,7.0,6.0,2.0,7.0,5.0,5.4,0.2,0.3,0.25,0.15,0.1
Banking,Senior-level,7.0,8.0,9.0,0.0,8.0,7.0,7.4,0.15,0.25,0.35,0.1,0.15
Banking,Senior-level,6.0,8.0,8.0,0.0,9.0,7.0,7.05,0.15,0.25,0.35,0.1,0.15
Banking,Senior-level,9.0,8.0,9.0,0.0,9.0,8.0,7.85,0.15,0.25,0.35,0.1,0.15
Banking,Senior-level,7.0,8.0,8.0,0.0,9.0,7.0,7.2,0.15,0.25,0.35,0.1,0.15
Banking,Senior-level,9.0,9.0,10.0,0.0,10.0,9.0,8.6,0.15,0.25,0.35,0.1,0.15
Banking,Senior-level,7.0,8.0,9.0,0.0,8.0,7.0,7.4,0.15,0.25,0.35,0.1,0.15
Banking,Entry-level,8.0,9.0,7.0,0.0,7.0,7.0,6.75,0.3,0.25,0.2,0.15,0.1
Banking,Senior-level,9.0,9.0,10.0,0.0,10.0,9.0,8.6,0.15,0.25,0.35,0.1,0.15
Banking,Mid-level,8.0,9.0,9.0,7.0,9.0,8.0,8.5,0.2,0.3,0.25,0.15,0.1
Banking,Senior-level,8.0,9.0,9.0,0.0,9.0,8.0,7.95,0.15,0.25,0.35,0.1,0.15
Banking,Senior-level,8.0,9.0,10.0,0.0,10.0,9.0,8.45,0.15,0.25,0.35,0.1,0.15
Banking,Mid-level,5.0,7.0,7.0,0.0,7.0,6.0,5.55,0.2,0.3,0.25,0.15,0.1
Banking,Senior-level,7.0,8.0,9.0,0.0,8.0,8.0,7.4,0.15,0.25,0.35,0.1,0.15
Banking,Senior-level,7.0,8.0,9.0,0.0,8.0,7.0,7.4,0.15,0.25,0.35,0.1,0.15
Banking,Senior-level,6.0,8.0,7.0,2.0,7.0,7.0,6.6,0.15,0.25,0.35,0.1,0.15
Banking,Mid-level,6.0,7.0,7.0,0.0,7.0,6.5,5.75,0.2,0.3,0.25,0.15,0.1
Banking,Entry-level,5.0,8.0,7.0,0.0,7.0,6.0,5.6,0.3,0.25,0.2,0.15,0.1
Banking,Senior-level,9.0,8.0,9.0,0.0,9.0,8.0,7.85,0.15,0.25,0.35,0.1,0.15
Banking,Mid-level,6.0,7.0,7.0,5.0,6.0,6.0,6.4,0.2,0.3,0.25,0.15,0.1
Banking,Senior-level,8.0,7.0,8.0,0.0,8.0,7.0,6.95,0.15,0.25,0.35,0.1,0.15
Banking,Senior-level,7.0,8.0,8.0,0.0,8.0,7.0,7.05,0.15,0.25,0.35,0.1,0.15
Banking,Senior-level,8.0,9.0,9.0,0.0,9.0,8.0,7.95,0.15,0.25,0.35,0.1,0.15
Banking,Senior-level,5.0,8.0,7.0,0.0,8.0,6.0,6.4,0.15,0.25,0.35,0.1,0.15
Banking,Senior-level,8.0,9.0,9.0,6.0,9.0,8.0,8.55,0.15,0.25,0.35,0.1,0.15
Banking,Mid-level,6.0,8.0,7.0,0.0,6.0,6.0,5.95,0.2,0.3,0.25,0.15,0.1
Banking,Senior-level,2.0,8.0,7.0,0.0,7.0,6.0,5.8,0.15,0.25,0.35,0.1,0.15
Banking,Senior-level,3.0,8.0,7.0,0.0,7.0,6.0,5.95,0.15,0.25,0.35,0.1,0.15
Banking,Senior-level,5.0,7.0,8.0,0.0,8.0,6.0,6.5,0.15,0.25,0.35,0.1,0.15
Banking,Senior-level,5.0,8.0,9.0,0.0,8.0,7.0,7.1,0.15,0.25,0.35,0.1,0.15
Banking,Senior-level,8.0,9.0,9.0,7.0,9.0,8.5,8.65,0.15,0.25,0.35,0.1,0.15
Banking,Mid-level,8.0,7.0,7.0,0.0,7.0,7.0,6.15,0.2,0.3,0.25,0.15,0.1
Banking,Entry-level,4.0,7.0,6.0,0.0,5.0,5.0,4.65,0.3,0.25,0.2,0.15,0.1
Banking,Senior-level,8.0,9.0,9.0,0.0,8.0,8.0,7.8,0.15,0.25,0.35,0.1,0.15
Banking,Senior-level,9.0,9.0,9.0,0.0,9.0,8.0,8.1,0.15,0.25,0.35,0.1,0.15
Finance,Mid-level,6.0,7.0,7.0,0.0,7.0,6.0,5.75,0.2,0.3,0.25,0.15,0.1
Finance,Senior-level,6.0,7.0,6.0,0.0,5.0,6.0,5.2,0.15,0.25,0.3,0.15,0.15
Finance,Senior-level,9.0,10.0,10.0,10.0,10.0,9.8,9.85,0.15,0.25,0.3,0.15,0.15
Finance,Mid-level,7.0,8.0,8.0,0.0,8.0,7.0,6.6,0.2,0.3,0.25,0.15,0.1
Finance,Senior-level,8.0,9.0,9.0,0.0,9.0,9.0,7.5,0.15,0.25,0.3,0.15,0.15
Finance,Senior-level,6.0,8.0,7.0,0.0,7.0,7.0,6.05,0.15,0.25,0.3,0.15,0.15
Finance,Senior-level,8.0,9.0,9.0,0.0,9.0,8.0,7.5,0.15,0.25,0.3,0.15,0.15
Finance,Senior-level,7.0,8.0,9.0,0.0,8.0,8.0,6.95,0.15,0.25,0.3,0.15,0.15
Finance,Senior-level,8.0,9.0,9.0,0.0,9.0,8.0,7.5,0.15,0.25,0.3,0.15,0.15
Finance,Mid-level,7.0,8.0,8.0,0.0,8.0,7.0,6.6,0.2,0.3,0.25,0.15,0.1
Finance,Senior-level,7.0,9.0,9.0,0.0,8.0,8.0,7.2,0.15,0.25,0.3,0.15,0.15
Finance,Senior-level,6.0,8.0,8.0,0.0,7.0,7.0,6.35,0.15,0.25,0.3,0.15,0.15
Finance,Senior-level,9.0,9.0,10.0,0.0,10.0,9.0,8.1,0.15,0.25,0.3,0.15,0.15
Finance,Mid-level,6.0,7.0,8.0,0.0,7.0,7.0,6.0,0.2,0.3,0.25,0.15,0.1
Finance,Senior-level,8.0,9.0,9.0,8.0,9.0,9.0,8.7,0.15,0.25,0.3,0.15,0.15
Finance,Senior-level,8.0,9.0,9.0,4.0,10.0,8.0,8.25,0.15,0.25,0.3,0.15,0.15
Finance,Senior-level,7.0,9.0,9.0,0.0,8.0,8.0,7.2,0.15,0.25,0.3,0.15,0.15
Finance,Senior-level,7.0,9.0,9.0,8.0,9.0,8.0,8.55,0.15,0.25,0.3,0.15,0.15
Finance,Senior-level,6.0,8.0,9.0,2.0,9.0,7.0,7.25,0.15,0.25,0.3,0.15,0.15
Finance,Senior-level,7.0,9.0,9.0,0.0,9.0,8.0,7.35,0.15,0.25,0.3,0.15,0.15
Finance,Senior-level,8.0,9.0,9.0,0.0,9.0,8.0,7.5,0.15,0.25,0.3,0.15,0.15
Finance,Mid-level,6.0,8.0,7.0,0.0,7.0,6.0,6.05,0.2,0.3,0.25,0.15,0.1
Finance,Senior-level,7.0,8.0,8.0,0.0,8.0,7.0,6.65,0.15,0.25,0.3,0.15,0.15
Finance,Mid-level,8.0,9.0,8.0,0.0,9.0,8.0,7.2,0.2,0.3,0.25,0.15,0.1
Finance,Senior-level,6.0,8.0,8.0,0.0,8.0,7.0,6.5,0.15,0.25,0.3,0.15,0.15
Finance,Senior-level,5.0,8.0,7.0,5.0,7.0,6.0,6.65,0.15,0.25,0.3,0.15,0.15
Finance,Senior-level,8.0,9.0,9.0,0.0,9.0,8.0,7.5,0.15,0.25,0.3,0.15,0.15
Finance,Mid-level,7.0,8.0,7.0,0.0,8.0,7.0,6.35,0.2,0.3,0.25,0.15,0.1
Finance,Senior-level,5.0,8.0,9.0,0.0,8.0,7.0,6.65,0.15,0.25,0.3,0.15,0.15
Finance,Senior-level,7.0,8.0,9.0,0.0,8.0,8.0,6.95,0.15,0.25,0.3,0.15,0.15
Finance,Senior-level,5.0,8.0,9.0,0.0,8.0,7.0,6.65,0.15,0.25,0.3,0.15,0.15
Finance,Senior-level,9.0,9.0,9.0,0.0,9.0,8.0,7.65,0.15,0.25,0.3,0.15,0.15
Finance,Mid-level,3.0,5.0,6.0,0.0,4.0,4.0,4.0,0.2,0.3,0.25,0.15,0.1
Finance,Senior-level,8.0,9.0,9.0,0.0,9.0,8.0,7.5,0.15,0.25,0.3,0.15,0.15
Finance,Senior-level,8.0,7.0,7.0,0.0,8.0,7.0,6.25,0.15,0.25,0.3,0.15,0.15
Finance,Mid-level,4.0,7.0,6.0,0.0,5.0,5.0,4.9,0.2,0.3,0.25,0.15,0.1
Finance,Senior-level,9.0,9.0,10.0,0.0,10.0,9.0,8.1,0.15,0.25,0.3,0.15,0.15
Finance,Mid-level,7.0,8.0,9.0,0.0,8.0,8.0,6.85,0.2,0.3,0.25,0.15,0.1
Finance,Senior-level,8.0,9.0,9.0,0.0,9.0,8.0,7.5,0.15,0.25,0.3,0.15,0.15
Finance,Senior-level,7.0,9.0,9.0,0.0,9.0,8.0,7.35,0.15,0.25,0.3,0.15,0.15
Finance,Senior-level,6.0,8.0,9.0,0.0,8.0,8.0,6.8,0.15,0.25,0.3,0.15,0.15
Finance,Senior-level,7.0,9.0,9.0,0.0,10.0,8.0,7.5,0.15,0.25,0.3,0.15,0.15
Finance,Mid-level,5.0,8.0,7.0,0.0,6.0,6.0,5.75,0.2,0.3,0.25,0.15,0.1
Finance,Mid-level,7.0,8.0,8.0,0.0,8.0,7.0,6.6,0.2,0.3,0.25,0.15,0.1
Finance,Senior-level,7.0,8.0,9.0,0.0,8.0,8.0,6.95,0.15,0.25,0.3,0.15,0.15
Finance,Senior-level,7.0,8.0,8.0,0.0,8.0,7.0,6.65,0.15,0.25,0.3,0.15,0.15
Finance,Mid-level,4.0,6.0,5.0,0.0,5.0,5.0,4.35,0.2,0.3,0.25,0.15,0.1
Finance,Senior-level,6.0,9.0,8.0,0.0,8.0,7.0,6.75,0.15,0.25,0.3,0.15,0.15
Finance,Senior-level,6.0,8.0,8.0,0.0,8.0,7.0,6.5,0.15,0.25,0.3,0.15,0.15
Finance,Senior-level,6.0,8.0,9.0,7.0,8.0,8.0,7.85,0.15,0.25,0.3,0.15,0.15
ACCOUNTANT,Senior-level,8.0,7.0,7.0,0.0,7.0,7.0,6.15,0.2,0.25,0.3,0.15,0.1
ACCOUNTANT,Senior-level,7.0,8.0,8.0,6.0,7.0,7.0,7.4,0.2,0.25,0.3,0.15,0.1
ACCOUNTANT,Senior-level,9.0,9.0,8.0,6.0,9.0,8.0,8.25,0.2,0.25,0.3,0.15,0.1
ACCOUNTANT,Mid-level,8.0,7.0,8.0,0.0,7.0,7.0,6.8,0.2,0.3,0.3,0.1,0.1
ACCOUNTANT,Senior-level,7.0,8.0,8.0,0.0,8.0,7.0,6.6,0.2,0.25,0.3,0.15,0.1
ACCOUNTANT,Senior-level,8.0,9.0,9.0,6.0,9.0,8.0,8.35,0.2,0.25,0.3,0.15,0.1
ACCOUNTANT,Mid-level,7.0,8.0,8.0,0.0,8.0,7.0,7.0,0.2,0.3,0.3,0.1,0.1
ACCOUNTANT,Senior-level,7.0,9.0,9.0,0.0,8.0,8.0,7.15,0.2,0.25,0.3,0.15,0.1
ACCOUNTANT,Senior-level,7.0,9.0,9.0,0.0,8.0,8.0,7.15,0.2,0.25,0.3,0.15,0.1
ACCOUNTANT,Senior-level,7.0,9.0,9.0,8.0,9.0,8.0,8.45,0.2,0.25,0.3,0.15,0.1
ACCOUNTANT,Senior-level,6.0,9.0,9.0,0.0,8.0,7.0,6.95,0.2,0.25,0.3,0.15,0.1
ACCOUNTANT,Senior-level,9.0,10.0,9.0,10.0,9.0,9.0,9.4,0.2,0.25,0.3,0.15,0.1
ACCOUNTANT,Senior-level,7.0,8.0,8.0,0.0,8.0,7.0,6.6,0.2,0.25,0.3,0.15,0.1
ACCOUNTANT,Senior-level,8.0,9.0,9.0,6.0,9.0,8.0,8.35,0.2,0.25,0.3,0.15,0.1
ACCOUNTANT,Mid-level,7.0,6.0,7.0,0.0,7.0,6.0,6.0,0.2,0.3,0.3,0.1,0.1
ACCOUNTANT,Senior-level,7.0,8.0,8.0,0.0,8.0,7.0,6.6,0.2,0.25,0.3,0.15,0.1
ACCOUNTANT,Senior-level,9.0,8.0,9.0,10.0,9.0,9.0,8.9,0.2,0.25,0.3,0.15,0.1
ACCOUNTANT,Senior-level,8.0,8.0,9.0,0.0,8.0,8.0,7.1,0.2,0.25,0.3,0.15,0.1
ACCOUNTANT,Senior-level,8.0,9.0,8.0,7.0,8.0,8.0,8.1,0.2,0.25,0.3,0.15,0.1
ACCOUNTANT,Senior-level,7.0,8.0,8.0,0.0,8.0,7.0,6.6,0.2,0.25,0.3,0.15,0.1
ACCOUNTANT,Senior-level,8.0,9.0,9.0,0.0,9.0,8.0,7.45,0.2,0.25,0.3,0.15,0.1
ACCOUNTANT,Senior-level,7.0,9.0,9.0,0.0,8.0,8.0,7.15,0.2,0.25,0.3,0.15,0.1
ACCOUNTANT,Senior-level,8.0,9.0,9.0,0.0,9.0,8.0,7.45,0.2,0.25,0.3,0.15,0.1
ACCOUNTANT,Senior-level,9.0,9.0,9.0,0.0,9.0,8.0,7.65,0.2,0.25,0.3,0.15,0.1
ACCOUNTANT,Senior-level,8.0,9.0,9.0,10.0,8.0,8.0,8.85,0.2,0.25,0.3,0.15,0.1
ACCOUNTANT,Senior-level,8.0,9.0,9.0,0.0,9.0,8.0,7.45,0.2,0.25,0.3,0.15,0.1
ACCOUNTANT,Senior-level,6.0,8.0,8.0,0.0,7.0,7.0,6.3,0.2,0.25,0.3,0.15,0.1
ACCOUNTANT,Mid-level,8.0,9.0,8.0,0.0,8.0,8.0,7.5,0.2,0.3,0.3,0.1,0.1
ACCOUNTANT,Entry-level,8.0,7.0,6.0,0.0,7.0,6.0,6.05,0.3,0.25,0.2,0.15,0.1
ACCOUNTANT,Senior-level,7.0,8.0,9.0,0.0,8.0,8.0,6.9,0.2,0.25,0.3,0.15,0.1
ACCOUNTANT,Senior-level,9.0,9.0,9.0,0.0,9.0,9.0,7.65,0.2,0.25,0.3,0.15,0.1
ACCOUNTANT,Senior-level,8.0,9.0,9.0,0.0,9.0,8.0,7.45,0.2,0.25,0.3,0.15,0.1
ACCOUNTANT,Senior-level,7.0,8.0,8.0,6.0,8.0,7.0,7.5,0.2,0.25,0.3,0.15,0.1
ACCOUNTANT,Senior-level,8.0,9.0,9.0,7.0,9.0,8.0,8.5,0.2,0.25,0.3,0.15,0.1
ACCOUNTANT,Senior-level,7.0,9.0,9.0,0.0,9.0,8.0,7.25,0.2,0.25,0.3,0.15,0.1
ACCOUNTANT,Senior-level,8.0,9.0,9.0,0.0,9.0,8.5,7.45,0.2,0.25,0.3,0.15,0.1
ACCOUNTANT,Mid-level,5.0,8.0,7.0,0.0,7.0,6.0,6.2,0.2,0.3,0.3,0.1,0.1
ACCOUNTANT,Senior-level,9.0,10.0,10.0,7.0,10.0,9.0,9.35,0.2,0.25,0.3,0.15,0.1
ACCOUNTANT,Mid-level,7.0,9.0,9.0,0.0,8.0,8.0,7.6,0.2,0.3,0.3,0.1,0.1
ACCOUNTANT,Mid-level,8.0,9.0,9.0,0.0,9.0,8.0,7.9,0.2,0.3,0.3,0.1,0.1
ACCOUNTANT,Entry-level,7.0,8.0,7.0,0.0,7.0,6.0,6.2,0.3,0.25,0.2,0.15,0.1
ACCOUNTANT,Mid-level,9.0,8.0,8.0,0.0,8.0,8.0,7.4,0.2,0.3,0.3,0.1,0.1
ACCOUNTANT,Senior-level,9.0,8.0,8.0,0.0,8.0,8.0,7.0,0.2,0.25,0.3,0.15,0.1
ACCOUNTANT,Senior-level,8.0,9.0,9.0,0.0,9.0,8.0,7.45,0.2,0.25,0.3,0.15,0.1
ACCOUNTANT,Senior-level,7.0,8.0,8.0,10.0,8.0,8.0,8.1,0.2,0.25,0.3,0.15,0.1
ACCOUNTANT,Senior-level,6.0,8.0,8.0,2.0,7.0,7.0,6.6,0.2,0.25,0.3,0.15,0.1
ACCOUNTANT,Senior-level,8.0,9.0,9.0,0.0,9.0,8.0,7.45,0.2,0.25,0.3,0.15,0.1
ACCOUNTANT,Senior-level,8.0,9.0,8.0,5.0,9.0,8.0,7.9,0.2,0.25,0.3,0.15,0.1
ACCOUNTANT,Senior-level,8.0,9.0,9.0,0.0,9.0,8.0,7.45,0.2,0.25,0.3,0.15,0.1
ACCOUNTANT,Senior-level,6.0,8.0,9.0,0.0,8.0,7.0,6.7,0.2,0.25,0.3,0.15,0.1
ACCOUNTANT,Senior-level,7.0,9.0,9.0,0.0,8.0,8.0,7.15,0.2,0.25,0.3,0.15,0.1
TEACHER,Senior-level,9.0,8.0,7.0,0.0,8.0,7.0,6.75,0.25,0.2,0.3,0.15,0.1
TEACHER,Senior-level,9.0,9.0,10.0,7.0,10.0,9.0,9.1,0.25,0.2,0.3,0.15,0.1
TEACHER,Senior-level Education,8.0,8.0,9.0,0.0,8.0,8.0,7.45,0.3,0.25,0.25,0.1,0.1
TEACHER,Entry-level,7.0,6.0,5.0,0.0,6.0,5.0,5.55,0.35,0.25,0.2,0.1,0.1
TEACHER,Senior-level,7.0,8.0,8.0,0.0,8.0,7.0,6.55,0.25,0.2,0.3,0.15,0.1
TEACHER,Mid-level,7.0,8.0,7.0,5.0,7.0,7.0,7.05,0.3,0.25,0.25,0.1,0.1
TEACHER,Senior-level,9.0,9.0,9.0,9.0,9.0,9.0,9.0,0.25,0.2,0.3,0.15,0.1
TEACHER,Senior-level,9.0,9.0,10.0,0.0,10.0,8.0,8.05,0.25,0.2,0.3,0.15,0.1
TEACHER,Senior-level,8.5,8.0,9.0,7.0,8.0,8.1,8.28,0.25,0.2,0.3,0.15,0.1
TEACHER,Senior-level,10.0,9.0,9.0,8.0,10.0,9.0,9.2,0.25,0.2,0.3,0.15,0.1
TEACHER,Mid-level,9.0,8.0,8.0,0.0,8.0,8.0,7.5,0.3,0.25,0.25,0.1,0.1
TEACHER,Senior-level,8.0,9.0,9.0,0.0,9.0,8.0,7.4,0.25,0.2,0.3,0.15,0.1
TEACHER,Senior-level,8.0,9.0,8.0,6.0,8.0,8.0,7.9,0.25,0.2,0.3,0.15,0.1
TEACHER,Mid-level,8.0,7.0,7.0,6.0,8.0,7.0,7.3,0.3,0.25,0.25,0.1,0.1
TEACHER,Senior-level,7.0,6.0,8.0,0.0,7.0,6.0,6.05,0.25,0.2,0.3,0.15,0.1
TEACHER,Mid-level,6.0,8.0,9.0,8.0,9.0,8.0,7.75,0.3,0.25,0.25,0.1,0.1
TEACHER,Mid-level,7.0,6.0,8.0,0.0,7.0,6.0,6.3,0.3,0.25,0.25,0.1,0.1
TEACHER,Mid-level,9.0,8.0,8.0,5.0,8.0,8.0,8.0,0.3,0.25,0.25,0.1,0.1
TEACHER,Senior-level,9.0,8.0,8.0,7.0,9.0,8.0,8.2,0.25,0.2,0.3,0.15,0.1
TEACHER,Mid-level,8.0,9.0,7.0,7.0,8.0,7.8,7.9,0.3,0.25,0.25,0.1,0.1
TEACHER,Mid-level,8.0,8.0,7.0,6.0,8.0,7.0,7.55,0.3,0.25,0.25,0.1,0.1
TEACHER,Senior-level,9.0,8.0,8.0,6.0,8.0,8.0,7.95,0.25,0.2,0.3,0.15,0.1
TEACHER,Entry-level,7.0,8.0,7.0,6.0,7.0,7.0,7.15,0.35,0.25,0.2,0.1,0.1
TEACHER,Senior-level,9.0,8.0,9.0,7.0,8.0,8.0,8.4,0.25,0.2,0.3,0.15,0.1
TEACHER,Senior-level,8.0,9.0,10.0,0.0,9.0,8.5,7.7,0.25,0.2,0.3,0.15,0.1
TEACHER,Senior-level,7.0,8.0,9.0,4.0,8.0,7.0,7.45,0.25,0.2,0.3,0.15,0.1
TEACHER,Mid-level,8.0,8.0,7.0,4.0,8.0,7.0,7.35,0.3,0.25,0.25,0.1,0.1
TEACHER,Mid-level,5.0,6.0,7.0,4.0,6.0,6.0,5.75,0.3,0.25,0.25,0.1,0.1
TEACHER,Senior-level,9.0,8.0,9.0,0.0,9.0,8.0,7.45,0.25,0.2,0.3,0.15,0.1
TEACHER,Senior-level,8.0,9.0,9.0,0.0,9.0,8.0,7.4,0.25,0.2,0.3,0.15,0.1
TEACHER,Mid-level,8.0,9.0,8.0,7.0,8.0,8.0,8.15,0.3,0.25,0.25,0.1,0.1
TEACHER,Senior-level,0.0,0.0,0.0,0.0,0.0,0.0,0.0,0.25,0.2,0.3,0.15,0.1
TEACHER,Senior-level,5.0,7.0,8.0,4.0,7.0,6.0,6.35,0.25,0.2,0.3,0.15,0.1
TEACHER,Senior-level,9.0,10.0,9.0,8.0,8.0,9.0,8.95,0.25,0.2,0.3,0.15,0.1
TEACHER,Mid-level,8.0,7.0,7.0,0.0,7.0,6.0,6.6,0.3,0.25,0.25,0.1,0.1
TEACHER,Entry-level,4.0,5.0,5.0,3.0,4.0,4.0,4.35,0.35,0.25,0.2,0.1,0.1
TEACHER,Senior-level,7.0,8.0,9.0,2.0,8.0,7.0,7.15,0.25,0.2,0.3,0.15,0.1
TEACHER,Senior-level,9.0,8.0,9.0,0.0,8.0,8.0,7.35,0.25,0.2,0.3,0.15,0.1
TEACHER,Mid-level,7.0,8.0,8.0,5.0,7.0,7.0,7.3,0.3,0.25,0.25,0.1,0.1
TEACHER,Senior-level,8.0,9.0,9.0,9.0,10.0,9.0,8.85,0.25,0.2,0.3,0.15,0.1
TEACHER,Senior-level,10.0,9.0,10.0,8.0,10.0,9.0,9.5,0.25,0.2,0.3,0.15,0.1
TEACHER,Senior-level,9.0,8.0,9.0,0.0,9.0,8.0,7.45,0.25,0.2,0.3,0.15,0.1
TEACHER,Mid-level,7.0,8.0,8.0,0.0,7.0,7.0,6.8,0.3,0.25,0.25,0.1,0.1
TEACHER,Senior-level,8.0,8.0,9.0,8.0,8.0,8.0,8.3,0.25,0.2,0.3,0.15,0.1
TEACHER,Mid-level,8.0,9.0,8.0,0.0,8.0,8.0,7.45,0.3,0.25,0.25,0.1,0.1
TEACHER,Senior-level,6.0,8.0,9.0,0.0,6.0,7.0,6.4,0.25,0.2,0.3,0.15,0.1
TEACHER,Senior-level,8.0,9.0,9.0,8.0,9.0,9.0,8.6,0.25,0.2,0.3,0.15,0.1
TEACHER,Entry-level,6.0,7.0,7.0,0.0,6.0,6.0,5.85,0.35,0.25,0.2,0.1,0.1
TEACHER,Mid-level,6.0,8.0,7.0,0.0,7.0,6.0,6.25,0.3,0.25,0.25,0.1,0.1
TEACHER,Senior-level,9.0,9.0,10.0,8.0,9.0,9.0,9.15,0.25,0.2,0.3,0.15,0.1
Apparel,Entry-level,6.0,7.0,7.0,0.0,7.0,6.0,6.05,0.25,0.35,0.2,0.1,0.1
Apparel,Mid-level,6.0,7.0,5.0,6.0,4.0,5.0,5.75,0.15,0.3,0.35,0.1,0.1
Apparel,Senior-level,6.0,8.0,9.0,0.0,8.0,7.0,7.25,0.15,0.25,0.35,0.1,0.15
Apparel,Senior-level,8.0,7.0,8.0,0.0,8.0,7.0,6.95,0.15,0.25,0.35,0.1,0.15
Apparel,Mid-level,5.0,7.0,6.0,0.0,6.0,5.0,5.55,0.15,0.3,0.35,0.1,0.1
Apparel,Senior-level,8.0,7.0,9.0,0.0,9.0,8.0,7.45,0.15,0.25,0.35,0.1,0.15
Apparel,Senior-level,5.0,7.0,8.0,0.0,7.0,6.0,6.35,0.15,0.25,0.35,0.1,0.15
Apparel,Senior-level,7.0,9.0,8.0,8.0,9.0,8.0,8.25,0.15,0.25,0.35,0.1,0.15
Apparel,Entry-level,3.0,6.0,5.0,0.0,4.0,4.0,4.25,0.25,0.35,0.2,0.1,0.1
Apparel,Entry-level,4.0,6.0,5.0,0.0,3.0,4.0,4.4,0.25,0.35,0.2,0.1,0.1
Apparel,Mid-level,7.0,6.0,7.0,0.0,7.0,6.0,6.0,0.15,0.3,0.35,0.1,0.1
Apparel,Senior-level,6.0,5.0,7.0,0.0,7.0,5.0,5.65,0.15,0.25,0.35,0.1,0.15
Apparel,Senior-level,5.0,8.0,7.0,0.0,6.0,6.0,6.1,0.15,0.25,0.35,0.1,0.15
Apparel,Mid-level,7.0,8.0,6.0,0.0,6.0,6.0,6.15,0.15,0.3,0.35,0.1,0.1
Apparel,Entry-level,6.0,7.0,8.0,0.0,7.0,6.0,6.25,0.25,0.35,0.2,0.1,0.1
Apparel,Senior-level,4.0,7.0,7.0,6.0,3.0,5.0,5.85,0.15,0.25,0.35,0.1,0.15
Apparel,Senior-level,9.0,10.0,10.0,0.0,10.0,9.0,8.85,0.15,0.25,0.35,0.1,0.15
Apparel,Senior-level,8.0,7.0,9.0,0.0,9.0,8.0,7.45,0.15,0.25,0.35,0.1,0.15
Apparel,Mid-level,8.0,5.0,4.0,0.0,3.0,4.0,4.4,0.15,0.3,0.35,0.1,0.1
Apparel,Mid-level,5.0,8.0,7.0,0.0,8.0,6.0,6.4,0.15,0.3,0.35,0.1,0.1
Apparel,Senior-level,5.0,7.0,7.0,0.0,6.0,6.0,5.85,0.15,0.25,0.35,0.1,0.15
Apparel,Senior-level,7.0,8.0,7.0,0.0,8.0,7.0,6.7,0.15,0.25,0.35,0.1,0.15
Apparel,Entry-level,4.0,7.0,6.0,0.0,7.0,5.0,5.35,0.25,0.35,0.2,0.1,0.1
Apparel,Senior-level,6.0,8.0,8.0,0.0,8.0,7.0,6.9,0.15,0.25,0.35,0.1,0.15
Apparel,Senior-level,6.0,6.0,7.0,5.0,5.0,5.0,6.1,0.15,0.25,0.35,0.1,0.15
Apparel,Mid-level,5.0,6.0,7.0,0.0,4.0,5.0,5.4,0.15,0.3,0.35,0.1,0.1
Apparel,Senior-level,6.0,7.0,8.0,0.0,7.0,6.0,6.5,0.15,0.25,0.35,0.1,0.15
Apparel,Entry-Level,5.0,6.0,7.0,3.0,6.0,5.0,5.65,0.25,0.3,0.2,0.1,0.15
Apparel,Senior-level,3.0,6.0,7.0,0.0,6.0,5.0,5.3,0.15,0.25,0.35,0.1,0.15
Apparel,Senior-level,4.0,7.0,7.0,0.0,6.0,5.0,5.7,0.15,0.25,0.35,0.1,0.15
Apparel,Senior-level,8.0,9.0,9.0,0.0,9.0,8.0,7.95,0.15,0.25,0.35,0.1,0.15
Apparel,Senior-level,8.0,9.0,8.0,0.0,9.0,8.0,7.6,0.15,0.25,0.35,0.1,0.15
Apparel,Senior-level,8.0,8.0,7.0,0.0,7.0,7.0,6.7,0.15,0.25,0.35,0.1,0.15
Apparel,Senior-level,7.0,8.0,9.0,3.0,8.0,7.0,7.7,0.15,0.25,0.35,0.1,0.15
Apparel,Senior-level,7.0,8.0,8.0,0.0,7.0,7.0,6.9,0.15,0.25,0.35,0.1,0.15
Apparel,Senior-level,8.0,9.0,9.0,0.0,10.0,8.0,8.1,0.15,0.25,0.35,0.1,0.15
Apparel,Mid-level,6.0,7.0,7.0,0.0,8.0,6.0,6.25,0.15,0.3,0.35,0.1,0.1
Apparel,Senior-level,9.0,8.0,9.0,0.0,10.0,9.0,8.0,0.15,0.25,0.35,0.1,0.15
Apparel,Senior-level,5.0,7.0,8.0,0.0,7.0,7.0,6.35,0.15,0.25,0.35,0.1,0.15
Apparel,Mid-level,6.0,8.0,7.0,0.0,6.0,6.0,6.35,0.15,0.3,0.35,0.1,0.1
Apparel,Entry-level,4.0,6.0,5.0,0.0,5.0,5.0,4.6,0.25,0.35,0.2,0.1,0.1
Apparel,Senior-level,8.0,9.0,9.0,6.0,9.0,8.0,8.55,0.15,0.25,0.35,0.1,0.15
Apparel,Senior-level,8.0,9.0,8.0,6.0,9.0,8.0,8.2,0.15,0.25,0.35,0.1,0.15
Apparel,Senior-level,7.0,8.0,9.0,0.0,8.0,8.0,7.4,0.15,0.25,0.35,0.1,0.15
Apparel,Senior-level,7.0,8.0,9.0,0.0,8.0,8.0,7.4,0.15,0.25,0.35,0.1,0.15
Apparel,Senior-level,8.0,7.0,8.0,0.0,8.0,7.0,6.95,0.15,0.25,0.35,0.1,0.15
Apparel,Senior-level,6.0,5.0,4.0,2.0,3.0,4.0,4.2,0.15,0.25,0.35,0.1,0.15
Apparel,Senior-level,6.0,8.0,7.0,0.0,7.0,6.0,6.4,0.15,0.25,0.35,0.1,0.15
Apparel,Senior-level,7.0,9.0,8.0,0.0,7.0,7.0,7.15,0.15,0.25,0.35,0.1,0.15
Apparel,Senior-level,2.0,3.0,6.0,0.0,1.0,3.0,3.3,0.15,0.25,0.35,0.1,0.15
Research Assistant,Entry-level,9.0,8.0,7.0,0.0,8.0,7.0,7.85,0.4,0.3,0.15,0.05,0.1
Research Assistant,Entry-level,8.0,7.0,6.0,0.0,7.0,7.0,6.9,0.4,0.3,0.15,0.05,0.1
Research Assistant,Entry-level,9.0,9.0,8.0,0.0,10.0,9.0,8.5,0.4,0.3,0.15,0.05,0.1
Research Assistant,Entry-level,8.0,9.0,8.0,0.0,9.0,8.0,8.0,0.4,0.3,0.15,0.05,0.1
Research Assistant,Entry-level,9.0,10.0,9.0,8.0,10.0,9.0,9.35,0.4,0.3,0.15,0.05,0.1
Research Assistant,Entry-level,9.0,8.0,7.0,0.0,8.0,7.0,7.85,0.4,0.3,0.15,0.05,0.1
Research Assistant,Entry-level,7.0,8.0,6.0,0.0,5.0,6.0,6.6,0.4,0.3,0.15,0.05,0.1
Research Assistant,Entry-level,9.0,9.0,8.0,7.0,8.0,8.0,8.65,0.4,0.3,0.15,0.05,0.1
Research Assistant,Entry-level,9.0,8.0,7.0,0.0,9.0,8.0,7.95,0.4,0.3,0.15,0.05,0.1
Research Assistant,Entry-level,8.0,7.0,6.0,5.0,6.0,6.0,7.05,0.4,0.3,0.15,0.05,0.1
Research Assistant,Entry-level,8.0,7.0,6.0,5.0,7.0,7.0,7.15,0.4,0.3,0.15,0.05,0.1
Research Assistant,Entry-level,8.0,9.0,8.0,0.0,9.0,8.0,8.0,0.4,0.3,0.15,0.05,0.1
Research Assistant,Entry-level,6.0,7.0,7.0,5.0,6.0,6.0,6.4,0.4,0.3,0.15,0.05,0.1
Research Assistant,Entry-level,9.0,8.0,7.0,6.0,8.0,7.0,8.15,0.4,0.3,0.15,0.05,0.1
Research Assistant,Entry-level,8.0,7.0,6.0,7.0,7.0,7.0,7.25,0.4,0.3,0.15,0.05,0.1
Research Assistant,Entry-level,8.0,7.0,6.0,0.0,7.0,6.0,6.9,0.4,0.3,0.15,0.05,0.1
Research Assistant,Entry-level,6.0,7.0,7.0,5.0,6.0,6.0,6.4,0.4,0.3,0.15,0.05,0.1
Research Assistant,Entry-level,9.0,8.0,7.0,6.0,8.0,8.0,8.15,0.4,0.3,0.15,0.05,0.1
Research Assistant,Entry-level,10.0,9.0,8.0,0.0,9.0,8.0,8.8,0.4,0.3,0.15,0.05,0.1
Research Assistant,Entry-level,8.0,7.0,7.0,0.0,8.0,7.0,7.15,0.4,0.3,0.15,0.05,0.1
Research Assistant,Entry-level,10.0,10.0,8.0,0.0,10.0,9.0,9.2,0.4,0.3,0.15,0.05,0.1
Research Assistant,Entry-level,9.0,8.0,9.0,0.0,9.0,8.0,8.25,0.4,0.3,0.15,0.05,0.1
Research Assistant,Entry-level,9.0,8.0,7.0,0.0,9.0,8.0,7.95,0.4,0.3,0.15,0.05,0.1
Research Assistant,Entry-level,8.0,7.0,7.0,0.0,8.0,7.0,7.15,0.4,0.3,0.15,0.05,0.1
Research Assistant,Entry-level,9.0,8.0,7.0,6.0,8.0,8.0,8.15,0.4,0.3,0.15,0.05,0.1
Research Assistant,Entry-level,8.0,9.0,7.0,0.0,8.0,7.0,7.75,0.4,0.3,0.15,0.05,0.1
Research Assistant,Entry-level,8.0,7.0,7.0,8.0,7.0,7.0,7.45,0.4,0.3,0.15,0.05,0.1
Research Assistant,Entry-level,8.0,7.0,7.0,6.0,7.0,7.0,7.35,0.4,0.3,0.15,0.05,0.1
Research Assistant,Entry-level,8.0,8.0,7.0,4.0,8.0,7.0,7.65,0.4,0.3,0.15,0.05,0.1
Research Assistant,Entry-level,8.0,7.0,6.0,0.0,7.0,7.0,6.9,0.4,0.3,0.15,0.05,0.1
Research Assistant,Entry-level,7.0,8.0,7.0,0.0,7.0,7.0,6.95,0.4,0.3,0.15,0.05,0.1
Research Assistant,Entry-level,7.0,8.0,7.0,6.0,8.0,7.0,7.35,0.4,0.3,0.15,0.05,0.1
Research Assistant,Entry-level,8.0,9.0,7.0,6.0,8.0,8.0,8.05,0.4,0.3,0.15,0.05,0.1
Research Assistant,Entry-level,9.0,8.0,8.0,0.0,9.0,8.0,8.1,0.4,0.3,0.15,0.05,0.1
Research Assistant,Entry-level,9.0,8.0,8.0,6.0,9.0,8.0,8.4,0.4,0.3,0.15,0.05,0.1
Research Assistant,Entry-level,9.0,8.0,7.0,0.0,8.0,8.0,7.85,0.4,0.3,0.15,0.05,0.1
Research Assistant,Entry-level,7.0,8.0,6.0,0.0,7.0,6.0,6.8,0.4,0.3,0.15,0.05,0.1
Research Assistant,Entry-level,8.0,9.0,8.0,7.0,8.0,8.0,8.25,0.4,0.3,0.15,0.05,0.1
Research Assistant,Entry-level,8.0,7.0,6.0,7.0,8.0,7.0,7.35,0.4,0.3,0.15,0.05,0.1
Research Assistant,Entry-level,7.0,8.0,6.0,7.0,8.0,7.0,7.25,0.4,0.3,0.15,0.05,0.1
Research Assistant,Entry-level,8.0,8.0,7.0,0.0,8.0,7.0,7.45,0.4,0.3,0.15,0.05,0.1
Research Assistant,Entry-level,9.0,8.0,8.0,0.0,9.0,8.0,8.1,0.4,0.3,0.15,0.05,0.1
Research Assistant,Entry-level,9.0,9.0,8.0,0.0,9.0,8.0,8.4,0.4,0.3,0.15,0.05,0.1
Research Assistant,Entry-level,8.0,7.0,8.0,0.0,9.0,8.0,7.4,0.4,0.3,0.15,0.05,0.1
Research Assistant,Entry-level,8.0,9.0,8.0,0.0,9.0,8.0,8.0,0.4,0.3,0.15,0.05,0.1
Research Assistant,Entry-level,8.0,8.0,7.0,6.0,8.0,7.0,7.75,0.4,0.3,0.15,0.05,0.1
Research Assistant,Entry-level,9.0,8.0,8.0,7.0,9.0,8.0,8.45,0.4,0.3,0.15,0.05,0.1
Research Assistant,Entry-level,9.0,8.0,7.0,0.0,8.0,8.0,7.85,0.4,0.3,0.15,0.05,0.1
Research Assistant,Entry-level,9.0,9.0,8.0,0.0,10.0,8.5,8.5,0.4,0.3,0.15,0.05,0.1
Research Assistant,Entry-level,9.0,8.0,7.0,0.0,8.0,8.0,7.85,0.4,0.3,0.15,0.05,0.1
Research Assistant,Entry-level,8.0,8.0,7.0,0.0,9.0,8.0,7.55,0.4,0.3,0.15,0.05,0.1
